{
    "uvs":[[0,0,1,0,1,1,0,1]],
    "metadata":{
        "uvs":1,
        "generator":"io_three",
        "normals":6,
        "version":3,
        "faces":6,
        "type":"Geometry",
        "vertices":8,
        "materials":1,
        "colors":0
    },
    "vertices":[0.215024,1.33965,0.126696,0.215024,1.33965,0.246405,0.215024,1.35162,0.246405,0.215024,1.35162,0.126696,0.334733,1.33965,0.126696,0.334733,1.33965,0.246405,0.334733,1.35162,0.246405,0.334733,1.35162,0.126696],
    "materials":[{
        "specularCoef":50,
        "mapDiffuseRepeat":[1,1],
        "opacity":1,
        "visible":true,
        "colorEmissive":[0,0,0],
        "wireframe":false,
        "shading":"phong",
        "DbgName":"Material.002",
        "vertexColors":false,
        "mapDiffuse":"RTS_Crate.png",
        "transparent":false,
        "doubleSided":false,
        "DbgIndex":0,
        "blending":1,
        "mapDiffuseWrap":["repeat","repeat"],
        "colorDiffuse":[0.8,0.8,0.8],
        "mapDiffuseAnisotropy":1,
        "DbgColor":15658734,
        "depthTest":true,
        "colorSpecular":[0.5,0.5,0.5],
        "depthWrite":true
    }],
    "normals":[-1,-0,0,1,0,0,0,-1,-0,-2.48958e-07,2.48956e-06,1,-4.97913e-07,1,-4.97913e-07,2.48956e-07,-2.48957e-06,-1],
    "colors":[],
    "faces":[43,0,1,2,3,0,0,1,2,3,0,0,0,0,43,4,7,6,5,0,0,1,2,3,1,1,1,1,43,0,4,5,1,0,0,1,2,3,2,2,2,2,43,1,5,6,2,0,0,1,2,3,3,3,3,3,43,2,6,7,3,0,0,1,2,3,4,4,4,4,43,4,0,3,7,0,0,1,2,3,5,5,5,5]
}