{
    "vertices":[0.202,0.1,-4.37114e-09,0.202,0.1,-0.682,0.3,0.1,-0.682,0.3,0.1,-4.37114e-09,0.202,-0.1,4.37114e-09,0.202,-0.1,-0.682,0.3,-0.1,-0.682,0.3,-0.1,4.37114e-09,0.202,-0.1,4.37114e-09,0.202,0.1,-4.37114e-09,0.202,-0.1,-0.682,0.202,0.1,-0.682,0.3,-0.1,-0.682,0.3,0.1,-0.682,0.3,-0.1,4.37114e-09,0.3,0.1,-4.37114e-09],
    "metadata":{
        "generator":"io_three",
        "normals":6,
        "colors":0,
        "faces":8,
        "uvs":0,
        "version":3,
        "vertices":16,
        "type":"Geometry",
        "materials":1
    },
    "normals":[0,1,-4.36984e-08,0,-1,4.36984e-08,-0.707083,0,0.707083,-0.707083,0,-0.707083,0.707083,0,-0.707083,0.707083,0,0.707083],
    "colors":[],
    "faces":[34,0,2,1,0,0,0,0,34,0,3,2,0,0,0,0,34,6,4,5,0,1,1,1,34,7,4,6,0,1,1,1,35,9,11,10,8,0,2,3,3,2,35,11,13,12,10,0,3,4,4,3,35,13,15,14,12,0,4,5,5,4,35,15,9,8,14,0,5,2,2,5],
    "uvs":[],
    "materials":[{
        "colorEmissive":[0,0,0],
        "wireframe":false,
        "transparent":false,
        "visible":true,
        "shading":"phong",
        "blending":1,
        "doubleSided":false,
        "depthTest":true,
        "opacity":1,
        "DbgIndex":0,
        "colorSpecular":[0.208333,0.208333,0.208333],
        "vertexColors":false,
        "depthWrite":true,
        "specularCoef":50,
        "colorDiffuse":[0.00503877,0.0145659,0.456369],
        "DbgName":"Material.003",
        "DbgColor":15658734
    }]
}