{
    "faces":[43,0,1,2,3,0,0,1,2,3,0,0,0,0,43,4,7,6,5,0,0,1,2,3,1,1,1,1,43,0,4,5,1,0,0,1,2,3,2,2,2,2,43,1,5,6,2,0,0,1,2,3,3,3,3,3,43,2,6,7,3,0,0,1,2,3,4,4,4,4,43,4,0,3,7,0,0,1,2,3,5,5,5,5],
    "influencesPerVertex":2,
    "uvs":[[0,0,1,0,1,1,0,1]],
    "vertices":[-0.903068,1.16533,-0.927373,-0.903068,1.16533,1.01078,-0.903068,1.1773,1.01078,-0.903068,1.1773,-0.927373,0.873433,1.16533,-0.927372,0.873433,1.16533,1.01078,0.873433,1.1773,1.01078,0.873433,1.1773,-0.927373],
    "materials":[{
        "transparent":false,
        "mapDiffuseWrap":["repeat","repeat"],
        "mapDiffuseAnisotropy":1,
        "visible":true,
        "depthTest":true,
        "vertexColors":false,
        "DbgName":"Material.002",
        "opacity":1,
        "colorEmissive":[0,0,0],
        "colorSpecular":[0.5,0.5,0.5],
        "blending":1,
        "mapDiffuse":"bamboo-wood-flooring-texture[1].jpg",
        "specularCoef":50,
        "shading":"phong",
        "DbgColor":15658734,
        "doubleSided":false,
        "depthWrite":true,
        "DbgIndex":0,
        "colorDiffuse":[0.8,0.8,0.8],
        "mapDiffuseRepeat":[1,1],
        "wireframe":false
    }],
    "normals":[-1,-0,0,1,0,0,6.71034e-08,-1,0,-2.68416e-07,3.98331e-05,1,-6.71034e-08,1,0,2.68416e-07,-3.98331e-05,-1],
    "colors":[],
    "bones":[],
    "metadata":{
        "faces":6,
        "normals":6,
        "vertices":8,
        "uvs":1,
        "generator":"io_three",
        "version":3,
        "colors":0,
        "bones":0,
        "materials":1,
        "type":"Geometry"
    },
    "skinIndices":[],
    "skinWeights":[]
}