{
    "vertices":[0.0452321,0.246973,-0.312127,0.0452321,1.48349,-0.312127,0.0452321,0.246973,-0.433856,0.0452321,1.48349,-0.433856,0.166961,0.246973,-0.312127,0.166961,1.48349,-0.312127,0.166961,0.246973,-0.433856,0.166961,1.48349,-0.433856,0.16753,1.50216,-0.437179,0.16753,1.50216,1.56282,-1.83247,1.50216,1.56282,-1.83247,1.50216,-0.437179,0.16753,1.39542,-0.437178,0.167529,1.39542,1.56282,-1.83247,1.39542,1.56282,-1.83247,1.39542,-0.437179,-1.83017,0.246973,-0.312127,-1.83017,1.48349,-0.312127,-1.83017,0.246973,-0.433856,-1.83017,1.48349,-0.433856,-1.70844,0.246973,-0.312127,-1.70844,1.48349,-0.312127,-1.70844,0.246973,-0.433856,-1.70844,1.48349,-0.433856,0.0452321,0.246973,1.55555,0.0452321,1.48349,1.55555,0.0452321,0.246973,1.43383,0.0452321,1.48349,1.43383,0.166961,0.246973,1.55555,0.166961,1.48349,1.55555,0.166961,0.246973,1.43383,0.166961,1.48349,1.43383,-1.83017,0.246973,1.55555,-1.83017,1.48349,1.55555,-1.83017,0.246973,1.43383,-1.83017,1.48349,1.43383,-1.70844,0.246973,1.55555,-1.70844,1.48349,1.55555,-1.70844,0.246973,1.43383,-1.70844,1.48349,1.43383],
    "metadata":{
        "generator":"io_three",
        "normals":12,
        "colors":0,
        "faces":30,
        "uvs":0,
        "version":3,
        "vertices":40,
        "type":"Geometry",
        "materials":1
    },
    "normals":[-1,0,0,-0,0,-1,1,0,0,0,0,1,0,-1,0,0,1,0,-1,1.11677e-06,-2.98023e-07,2.98023e-07,-2.23354e-06,-1,1,-2.23354e-06,2.38419e-07,-2.38419e-07,3.35031e-06,1,-0,0,1,0,-1,-0],
    "colors":[],
    "faces":[35,0,1,3,2,0,0,0,0,0,35,2,3,7,6,0,1,1,1,1,35,6,7,5,4,0,2,2,2,2,35,1,0,4,5,0,3,3,3,3,35,4,0,2,6,0,4,4,4,4,35,7,3,1,5,0,5,5,5,5,35,8,9,10,11,0,4,4,4,4,35,12,15,14,13,0,5,5,5,5,35,8,12,13,9,0,6,6,6,6,35,9,13,14,10,0,7,7,7,7,35,10,14,15,11,0,8,8,8,8,35,12,8,11,15,0,9,9,9,9,35,16,17,19,18,0,0,0,0,0,35,18,19,23,22,0,1,1,1,1,35,22,23,21,20,0,2,2,2,2,35,20,21,17,16,0,10,10,10,10,35,18,22,20,16,0,11,11,11,11,35,23,19,17,21,0,5,5,5,5,35,24,25,27,26,0,0,0,0,0,35,26,27,31,30,0,1,1,1,1,35,30,31,29,28,0,2,2,2,2,35,28,29,25,24,0,10,10,10,10,35,26,30,28,24,0,11,11,11,11,35,31,27,25,29,0,5,5,5,5,35,32,33,35,34,0,0,0,0,0,35,34,35,39,38,0,1,1,1,1,35,38,39,37,36,0,2,2,2,2,35,36,37,33,32,0,10,10,10,10,35,34,38,36,32,0,11,11,11,11,35,39,35,33,37,0,5,5,5,5],
    "uvs":[],
    "materials":[{
        "colorEmissive":[0,0,0],
        "wireframe":false,
        "transparent":false,
        "visible":true,
        "shading":"phong",
        "blending":1,
        "mapDiffuse":"bamboo-wood-flooring-texture[1].jpg",
        "mapDiffuseRepeat":[1,1],
        "doubleSided":false,
        "depthTest":true,
        "opacity":1,
        "DbgIndex":0,
        "colorSpecular":[0.5,0.5,0.5],
        "vertexColors":false,
        "mapDiffuseWrap":["repeat","repeat"],
        "depthWrite":true,
        "specularCoef":50,
        "colorDiffuse":[0.64,0.64,0.64],
        "mapDiffuseAnisotropy":1,
        "DbgName":"Material.001",
        "DbgColor":15658734
    }]
}