{
    "data":{
        "index":{
            "itemSize":1,
            "type":"Uint16Array",
            "array":[0,1,2,3,4,5,6,7,8,9,10,11,12,13,14,15,16,17,18,19,20,21,22,23,24,25,26,27,28,29,30,31,32,33,34,35,36,37,38,39,40,41,42,43,44,45,46,47,48,49,50,51,52,53,54,55,56,57,58,59,60,61,62,63,64,65,66,67,68,69,70,71,72,73,74,75,76,77,78,79,80,81,82,83,84,85,86,87,88,89,0,90,1,3,91,4,6,92,7,9,93,10,12,94,13,15,95,16,18,96,19,21,97,22,98,99,100,101,102,103,104,105,106,107,108,109,36,110,37,39,111,40,42,112,43,45,113,46,48,114,49,51,115,52,54,116,55,57,117,58,60,118,61,63,119,64,66,120,67,69,121,70,72,122,73,75,123,76,78,124,79,81,125,82,84,126,85,87,127,88]
        },
        "groups":[{
            "count":180,
            "start":0,
            "materialIndex":0
        }],
        "attributes":{
            "position":{
                "itemSize":3,
                "type":"Float32Array",
                "array":[0.0452321,1.48349,-0.312127,0.0452321,0.246973,-0.433856,0.0452321,0.246973,-0.312127,0.0452321,1.48349,-0.433856,0.166961,0.246973,-0.433856,0.0452321,0.246973,-0.433856,0.166961,1.48349,-0.433856,0.166961,0.246973,-0.312127,0.166961,0.246973,-0.433856,0.166961,1.48349,-0.312127,0.0452321,0.246973,-0.312127,0.166961,0.246973,-0.312127,0.166961,0.246973,-0.433856,0.0452321,0.246973,-0.312127,0.0452321,0.246973,-0.433856,0.0452321,1.48349,-0.433856,0.166961,1.48349,-0.312127,0.166961,1.48349,-0.433856,0.16753,1.50216,1.56282,-1.83247,1.50216,-0.437179,0.16753,1.50216,-0.437179,-1.83247,1.39542,-0.437179,0.167529,1.39542,1.56282,0.16753,1.39542,-0.437178,0.16753,1.39542,-0.437178,0.16753,1.50216,1.56282,0.16753,1.50216,-0.437179,0.167529,1.39542,1.56282,-1.83247,1.50216,1.56282,0.16753,1.50216,1.56282,-1.83247,1.50216,1.56282,-1.83247,1.39542,-0.437179,-1.83247,1.50216,-0.437179,0.16753,1.50216,-0.437179,-1.83247,1.39542,-0.437179,0.16753,1.39542,-0.437178,-1.83017,1.48349,-0.312127,-1.83017,0.246973,-0.433856,-1.83017,0.246973,-0.312127,-1.83017,1.48349,-0.433856,-1.70844,0.246973,-0.433856,-1.83017,0.246973,-0.433856,-1.70844,1.48349,-0.433856,-1.70844,0.246973,-0.312127,-1.70844,0.246973,-0.433856,-1.70844,1.48349,-0.312127,-1.83017,0.246973,-0.312127,-1.70844,0.246973,-0.312127,-1.70844,0.246973,-0.433856,-1.83017,0.246973,-0.312127,-1.83017,0.246973,-0.433856,-1.83017,1.48349,-0.433856,-1.70844,1.48349,-0.312127,-1.70844,1.48349,-0.433856,0.0452321,1.48349,1.55555,0.0452321,0.246973,1.43383,0.0452321,0.246973,1.55555,0.0452321,1.48349,1.43383,0.166961,0.246973,1.43383,0.0452321,0.246973,1.43383,0.166961,1.48349,1.43383,0.166961,0.246973,1.55555,0.166961,0.246973,1.43383,0.166961,1.48349,1.55555,0.0452321,0.246973,1.55555,0.166961,0.246973,1.55555,0.166961,0.246973,1.43383,0.0452321,0.246973,1.55555,0.0452321,0.246973,1.43383,0.0452321,1.48349,1.43383,0.166961,1.48349,1.55555,0.166961,1.48349,1.43383,-1.83017,1.48349,1.55555,-1.83017,0.246973,1.43383,-1.83017,0.246973,1.55555,-1.83017,1.48349,1.43383,-1.70844,0.246973,1.43383,-1.83017,0.246973,1.43383,-1.70844,1.48349,1.43383,-1.70844,0.246973,1.55555,-1.70844,0.246973,1.43383,-1.70844,1.48349,1.55555,-1.83017,0.246973,1.55555,-1.70844,0.246973,1.55555,-1.70844,0.246973,1.43383,-1.83017,0.246973,1.55555,-1.83017,0.246973,1.43383,-1.83017,1.48349,1.43383,-1.70844,1.48349,1.55555,-1.70844,1.48349,1.43383,0.0452321,1.48349,-0.433856,0.166961,1.48349,-0.433856,0.166961,1.48349,-0.312127,0.0452321,1.48349,-0.312127,0.166961,0.246973,-0.312127,0.0452321,1.48349,-0.312127,-1.83247,1.50216,1.56282,-1.83247,1.39542,1.56282,0.16753,1.39542,-0.437178,0.167529,1.39542,1.56282,0.16753,1.50216,1.56282,0.167529,1.39542,1.56282,-1.83247,1.39542,1.56282,-1.83247,1.50216,1.56282,-1.83247,1.50216,1.56282,-1.83247,1.39542,1.56282,-1.83247,1.39542,-0.437179,0.16753,1.50216,-0.437179,-1.83247,1.50216,-0.437179,-1.83247,1.39542,-0.437179,-1.83017,1.48349,-0.433856,-1.70844,1.48349,-0.433856,-1.70844,1.48349,-0.312127,-1.83017,1.48349,-0.312127,-1.70844,0.246973,-0.312127,-1.83017,1.48349,-0.312127,0.0452321,1.48349,1.43383,0.166961,1.48349,1.43383,0.166961,1.48349,1.55555,0.0452321,1.48349,1.55555,0.166961,0.246973,1.55555,0.0452321,1.48349,1.55555,-1.83017,1.48349,1.43383,-1.70844,1.48349,1.43383,-1.70844,1.48349,1.55555,-1.83017,1.48349,1.55555,-1.70844,0.246973,1.55555,-1.83017,1.48349,1.55555]
            },
            "normal":{
                "itemSize":3,
                "type":"Float32Array",
                "array":[-1,0,0,-1,0,0,-1,0,0,0,0,-1,0,0,-1,0,0,-1,1,-0,0,1,-0,0,1,-0,0,0,-0,1,0,-0,1,0,-0,1,0,-1,0,0,-1,0,0,-1,0,0,1,-0,0,1,-0,0,1,-0,-0,-1,0,-0,-1,0,-0,-1,0,0,1,0,0,1,0,0,1,0,-1,-4.46708e-06,0,-1,-4.46708e-06,0,-1,-4.46708e-06,0,1.19209e-07,-5.58385e-06,-1,1.19209e-07,-5.58385e-06,-1,1.19209e-07,-5.58385e-06,-1,1,-2.23354e-06,2.38419e-07,1,-2.23354e-06,2.38419e-07,1,-2.23354e-06,2.38419e-07,-2.38419e-07,3.35031e-06,1,-2.38419e-07,3.35031e-06,1,-2.38419e-07,3.35031e-06,1,-1,0,0,-1,0,0,-1,0,0,0,0,-1,0,0,-1,0,0,-1,1,-0,0,1,-0,0,1,-0,0,0,-0,1,0,-0,1,0,-0,1,0,-1,0,0,-1,0,0,-1,0,0,1,-0,0,1,-0,0,1,-0,-1,0,0,-1,0,0,-1,0,0,0,0,-1,0,0,-1,0,0,-1,1,-0,0,1,-0,0,1,-0,0,0,-0,1,0,-0,1,0,-0,1,0,-1,0,0,-1,0,0,-1,0,0,1,-0,0,1,-0,0,1,-0,-1,0,0,-1,0,0,-1,0,0,0,0,-1,0,0,-1,0,0,-1,1,-0,0,1,-0,0,1,-0,0,0,-0,1,0,-0,1,0,-0,1,0,-1,0,0,-1,0,0,-1,0,0,1,-0,0,1,-0,0,1,-0,-1,0,0,0,0,-1,1,-0,0,0,0,1,0,-1,0,0,1,0,0,-1,0,0,1,0,-1,6.70061e-06,-5.96046e-07,-1,6.70061e-06,-5.96046e-07,-1,6.70061e-06,-5.96046e-07,4.76837e-07,1.11677e-06,-1,4.76837e-07,1.11677e-06,-1,4.76837e-07,1.11677e-06,-1,1,-2.23354e-06,2.38419e-07,1,-2.23354e-06,2.38419e-07,1,-2.23354e-06,2.38419e-07,-2.38419e-07,3.35031e-06,1,-2.38419e-07,3.35031e-06,1,-2.38419e-07,3.35031e-06,1,-1,0,0,0,0,-1,1,-0,0,0,0,1,0,-1,0,0,1,0,-1,0,0,0,0,-1,1,-0,0,0,0,1,0,-1,0,0,1,0,-1,0,0,0,0,-1,1,-0,0,0,0,1,0,-1,0,0,1,0]
            }
        }
    },
    "metadata":{
        "position":128,
        "type":"BufferGeometry",
        "generator":"io_three",
        "normal":128,
        "version":3
    }
}