{
    "vertices":[0.309216,-0.0393422,-0.494237,0.309216,1.19718,-0.494237,0.309216,-0.0393422,-0.615966,0.309216,1.19718,-0.615966,0.430946,-0.0393422,-0.494237,0.430946,1.19718,-0.494237,0.430946,-0.0393422,-0.615966,0.430946,1.19718,-0.615966,0.431514,1.21585,-0.619289,0.431514,1.21585,1.38071,-1.56849,1.21585,1.38071,-1.56849,1.21585,-0.619289,0.431515,1.10911,-0.619288,0.431513,1.10911,1.38071,-1.56849,1.10911,1.38071,-1.56849,1.10911,-0.619289,-1.56618,-0.0393422,-0.494237,-1.56618,1.19718,-0.494237,-1.56618,-0.0393422,-0.615966,-1.56618,1.19718,-0.615966,-1.44446,-0.0393422,-0.494237,-1.44446,1.19718,-0.494237,-1.44446,-0.0393422,-0.615966,-1.44446,1.19718,-0.615966,0.309216,-0.0393422,1.37344,0.309216,1.19718,1.37344,0.309216,-0.0393422,1.25172,0.309216,1.19718,1.25172,0.430946,-0.0393422,1.37344,0.430946,1.19718,1.37344,0.430946,-0.0393422,1.25172,0.430946,1.19718,1.25172,-1.56618,-0.0393422,1.37344,-1.56618,1.19718,1.37344,-1.56618,-0.0393422,1.25172,-1.56618,1.19718,1.25172,-1.44446,-0.0393422,1.37344,-1.44446,1.19718,1.37344,-1.44446,-0.0393422,1.25172,-1.44446,1.19718,1.25172],
    "metadata":{
        "generator":"io_three",
        "normals":17,
        "colors":0,
        "faces":30,
        "uvs":0,
        "version":3,
        "vertices":40,
        "type":"Geometry",
        "materials":1
    },
    "normals":[-1,0,0,0,-4.82035e-08,-1,1,0,0,0,4.82035e-08,1,0,-1,0,0,1,0,-1.06581e-14,-1,5.96046e-08,2.13163e-14,1,-5.96047e-08,-1,1.11677e-06,-2.98023e-07,2.98023e-07,-1.11677e-06,-1,1,-2.23354e-06,2.38419e-07,-2.38419e-07,4.46708e-06,1,0,-1,-0,-0,0,-1,-0,0,1,0,-1,-0,0,1,0],
    "colors":[],
    "faces":[35,0,1,3,2,0,0,0,0,0,35,2,3,7,6,0,1,1,1,1,35,6,7,5,4,0,2,2,2,2,35,1,0,4,5,0,3,3,3,3,35,4,0,2,6,0,4,4,4,4,35,7,3,1,5,0,5,5,5,5,35,8,9,10,11,0,6,6,6,6,35,12,15,14,13,0,7,7,7,7,35,8,12,13,9,0,8,8,8,8,35,9,13,14,10,0,9,9,9,9,35,10,14,15,11,0,10,10,10,10,35,12,8,11,15,0,11,11,11,11,35,16,17,19,18,0,0,0,0,0,35,18,19,23,22,0,1,1,1,1,35,22,23,21,20,0,2,2,2,2,35,20,21,17,16,0,3,3,3,3,35,18,22,20,16,0,12,12,12,12,35,23,19,17,21,0,5,5,5,5,35,24,25,27,26,0,0,0,0,0,35,26,27,31,30,0,13,13,13,13,35,30,31,29,28,0,2,2,2,2,35,28,29,25,24,0,14,14,14,14,35,26,30,28,24,0,15,15,15,15,35,31,27,25,29,0,16,16,16,16,35,32,33,35,34,0,0,0,0,0,35,34,35,39,38,0,13,13,13,13,35,38,39,37,36,0,2,2,2,2,35,36,37,33,32,0,14,14,14,14,35,34,38,36,32,0,15,15,15,15,35,39,35,33,37,0,16,16,16,16],
    "uvs":[],
    "materials":[{
        "colorEmissive":[0,0,0],
        "wireframe":false,
        "transparent":false,
        "visible":true,
        "shading":"phong",
        "blending":1,
        "mapDiffuse":"bamboo-wood-flooring-texture[1].jpg",
        "mapDiffuseRepeat":[1,1],
        "doubleSided":false,
        "depthTest":true,
        "opacity":1,
        "DbgIndex":0,
        "colorSpecular":[0.5,0.5,0.5],
        "vertexColors":false,
        "mapDiffuseWrap":["repeat","repeat"],
        "depthWrite":true,
        "specularCoef":50,
        "colorDiffuse":[0.64,0.64,0.64],
        "mapDiffuseAnisotropy":1,
        "DbgName":"Material.001",
        "DbgColor":15658734
    }]
}