{
    "colors":[],
    "normals":[2.98023e-07,-1,2.84217e-13,-2.38419e-07,1,-7.10542e-13,8.9407e-08,-5.96047e-08,-1,1,8.9407e-08,2.98023e-06,-8.9407e-08,-2.98023e-08,1,-1,-1.77636e-14,-1.19209e-06,2.38419e-07,-1,3.55271e-13,-2.38419e-07,1,-9.9476e-13,5.96047e-08,-7.10543e-15,-1,1,1.04308e-07,2.83122e-06,-5.96047e-08,5.96046e-08,1,-1,5.96046e-08,-2.98023e-06,-5.32907e-14,-1,2.98023e-08,0,1,0,1,2.98023e-08,2.98023e-08,-2.68221e-06,-8.94071e-08,1,-1,-2.98023e-08,-2.98023e-08,2.38419e-06,1.78814e-07,-1,-1,-0,0,1,0,0,2.08616e-07,-1,2.98023e-08,-8.94074e-08,2.08616e-06,1,-2.08616e-07,1,-8.9407e-08,2.08617e-07,-2.68221e-06,-1,0,-1,0,-2.68221e-06,-8.9407e-08,1,-1,0,0,2.68221e-06,1.49012e-07,-1],
    "metadata":{
        "materials":1,
        "version":3,
        "generator":"io_three",
        "colors":0,
        "normals":28,
        "type":"Geometry",
        "faces":30,
        "vertices":40,
        "uvs":1
    },
    "faces":[43,0,1,2,3,0,0,1,2,3,0,0,0,0,43,4,7,6,5,0,0,1,2,3,1,1,1,1,43,0,4,5,1,0,0,1,2,3,2,2,2,2,43,1,5,6,2,0,0,1,2,3,3,3,3,3,43,2,6,7,3,0,0,1,2,3,4,4,4,4,43,4,0,3,7,0,0,1,2,3,5,5,5,5,43,8,9,10,11,0,0,1,2,3,6,6,6,6,43,12,15,14,13,0,0,1,2,3,7,7,7,7,43,8,12,13,9,0,0,1,2,3,8,8,8,8,43,9,13,14,10,0,0,1,2,3,9,9,9,9,43,10,14,15,11,0,0,1,2,3,10,10,10,10,43,12,8,11,15,0,0,1,2,3,11,11,11,11,43,16,17,18,19,0,0,1,2,3,12,12,12,12,43,20,23,22,21,0,0,1,2,3,13,13,13,13,43,16,20,21,17,0,0,1,2,3,14,14,14,14,43,17,21,22,18,0,0,1,2,3,15,15,15,15,43,18,22,23,19,0,0,1,2,3,16,16,16,16,43,20,16,19,23,0,0,1,2,3,17,17,17,17,43,24,25,26,27,0,0,1,2,3,18,18,18,18,43,28,31,30,29,0,0,1,2,3,19,19,19,19,43,24,28,29,25,0,0,1,2,3,20,20,20,20,43,25,29,30,26,0,0,1,2,3,21,21,21,21,43,26,30,31,27,0,0,1,2,3,22,22,22,22,43,28,24,27,31,0,0,1,2,3,23,23,23,23,43,32,33,34,35,0,0,1,2,3,24,24,24,24,43,36,39,38,37,0,0,1,2,3,13,13,13,13,43,32,36,37,33,0,0,1,2,3,19,19,19,19,43,33,37,38,34,0,0,1,2,3,25,25,25,25,43,34,38,39,35,0,0,1,2,3,26,26,26,26,43,36,32,35,39,0,0,1,2,3,27,27,27,27],
    "vertices":[-1.02369,0.585887,0.472308,0.976308,0.585887,0.472308,0.976307,0.585887,0.672308,-1.02369,0.585887,0.672308,-1.02369,2.58589,0.472308,0.976308,2.58589,0.472308,0.976307,2.58589,0.672308,-1.02369,2.58589,0.672308,-1.02369,0.585887,-1.52769,0.976308,0.585887,-1.52769,0.976308,0.585887,-1.32769,-1.02369,0.585887,-1.32769,-1.02369,2.58589,-1.52769,0.976308,2.58589,-1.52769,0.976307,2.58589,-1.32769,-1.02369,2.58589,-1.32769,1.07631,0.585887,-1.42769,1.07631,0.585887,0.572308,0.876307,0.585887,0.572308,0.876307,0.585887,-1.42769,1.07631,2.58589,-1.42769,1.07631,2.58589,0.572309,0.876307,2.58589,0.572308,0.876307,2.58589,-1.42769,-1.02369,0.485887,-1.42769,-1.02369,0.485887,0.572308,-1.02369,0.685887,0.572308,-1.02369,0.685887,-1.42769,0.976307,0.485887,-1.42769,0.976307,0.485887,0.572309,0.976307,0.685887,0.572308,0.976307,0.685887,-1.42769,-0.923692,0.585887,-1.42769,-0.923692,0.585887,0.572308,-1.12369,0.585887,0.572308,-1.12369,0.585887,-1.42769,-0.923692,2.58589,-1.42769,-0.923692,2.58589,0.572309,-1.12369,2.58589,0.572308,-1.12369,2.58589,-1.42769],
    "uvs":[[0,0,1,0,1,1,0,1]],
    "materials":[{
        "depthTest":true,
        "mapDiffuseAnisotropy":1,
        "depthWrite":true,
        "blending":1,
        "visible":true,
        "specularCoef":50,
        "wireframe":false,
        "DbgColor":15658734,
        "mapDiffuse":"RTS_Crate.png",
        "colorEmissive":[0,0,0],
        "DbgName":"Material.002",
        "mapDiffuseWrap":["repeat","repeat"],
        "colorSpecular":[0.5,0.5,0.5],
        "shading":"phong",
        "opacity":1,
        "doubleSided":false,
        "mapDiffuseRepeat":[1,1],
        "DbgIndex":0,
        "transparent":false,
        "vertexColors":false
    }]
}