{
    "faces":[43,0,1,2,3,0,0,1,2,3,0,0,0,0,43,4,7,6,5,0,0,1,2,3,1,1,1,1,43,0,4,5,1,0,0,1,2,3,2,2,2,2,43,1,5,6,2,0,0,1,2,3,3,3,3,3,43,2,6,7,3,0,0,1,2,3,4,4,4,4,43,4,0,3,7,0,0,1,2,3,5,5,5,5],
    "uvs":[[0,0,1,0,1,1,0,1]],
    "vertices":[-0.971686,1.08983,1.07245,-0.971686,1.08983,-0.977514,-0.971686,1.20322,-0.977514,-0.971686,1.20322,1.07245,0.989304,1.08983,1.07245,0.989304,1.08983,-0.977514,0.989304,1.20322,-0.977513,0.989304,1.20322,1.07245],
    "metadata":{
        "uvs":1,
        "materials":1,
        "vertices":8,
        "normals":6,
        "version":3,
        "colors":0,
        "faces":6,
        "generator":"io_three",
        "type":"Geometry"
    },
    "normals":[1,0,0,-1,0,0,-9.11855e-08,1,-2.9076e-08,1.21581e-07,-5.25642e-06,1,6.07904e-08,-1,5.8152e-08,-2.12767e-07,4.73078e-06,-1],
    "materials":[{
        "depthTest":true,
        "mapDiffuseWrap":["repeat","repeat"],
        "depthWrite":true,
        "doubleSided":false,
        "mapDiffuseAnisotropy":1,
        "colorDiffuse":[0.8,0.8,0.8],
        "DbgColor":15658734,
        "DbgIndex":0,
        "visible":true,
        "colorEmissive":[0,0,0],
        "specularCoef":50,
        "blending":1,
        "opacity":1,
        "DbgName":"Material.002",
        "mapDiffuseRepeat":[1,1],
        "transparent":false,
        "colorSpecular":[0.151163,0.151163,0.151163],
        "wireframe":false,
        "mapDiffuse":"wildtextures-old-wood-original-file.jpg",
        "vertexColors":false,
        "shading":"phong"
    }],
    "colors":[]
}