{
    "uvs":[],
    "metadata":{
        "uvs":0,
        "generator":"io_three",
        "normals":7,
        "version":3,
        "faces":208,
        "type":"Geometry",
        "vertices":416,
        "materials":1,
        "colors":0
    },
    "vertices":[0.555242,1.3204,0.370403,0.555242,1.3204,0.297458,0.565724,1.3204,0.297458,0.565724,1.3204,0.370403,0.555242,1.29901,0.370403,0.555242,1.29901,0.297458,0.565724,1.29901,0.297458,0.565724,1.29901,0.370403,0.555242,1.29901,0.370403,0.555242,1.3204,0.370403,0.555242,1.29901,0.297458,0.555242,1.3204,0.297458,0.565724,1.29901,0.297458,0.565724,1.3204,0.297458,0.565724,1.29901,0.370403,0.565724,1.3204,0.370403,0.412791,1.3204,0.367351,0.412791,1.3204,0.294406,0.423273,1.3204,0.294406,0.423273,1.3204,0.367351,0.412791,1.29901,0.367351,0.412791,1.29901,0.294406,0.423273,1.29901,0.294406,0.423273,1.29901,0.367351,0.412791,1.29901,0.367351,0.412791,1.3204,0.367351,0.412791,1.29901,0.294406,0.412791,1.3204,0.294406,0.423273,1.29901,0.294406,0.423273,1.3204,0.294406,0.423273,1.29901,0.367351,0.423273,1.3204,0.367351,0.555242,1.3204,0.514128,0.555242,1.3204,0.441183,0.565724,1.3204,0.441183,0.565724,1.3204,0.514128,0.555242,1.29901,0.514128,0.555242,1.29901,0.441183,0.565724,1.29901,0.441183,0.565724,1.29901,0.514128,0.555242,1.29901,0.514128,0.555242,1.3204,0.514128,0.555242,1.29901,0.441183,0.555242,1.3204,0.441183,0.565724,1.29901,0.441183,0.565724,1.3204,0.441183,0.565724,1.29901,0.514128,0.565724,1.3204,0.514128,0.555242,1.3204,0.653662,0.555242,1.3204,0.580717,0.565724,1.3204,0.580717,0.565724,1.3204,0.653662,0.555242,1.29901,0.653662,0.555242,1.29901,0.580717,0.565724,1.29901,0.580717,0.565724,1.29901,0.653662,0.555242,1.29901,0.653662,0.555242,1.3204,0.653662,0.555242,1.29901,0.580717,0.555242,1.3204,0.580717,0.565724,1.29901,0.580717,0.565724,1.3204,0.580717,0.565724,1.29901,0.653662,0.565724,1.3204,0.653662,-0.0267814,1.3204,0.653662,-0.0267814,1.3204,0.580717,-0.0162995,1.3204,0.580717,-0.0162995,1.3204,0.653662,-0.0267814,1.29901,0.653662,-0.0267814,1.29901,0.580717,-0.0162995,1.29901,0.580717,-0.0162995,1.29901,0.653662,-0.0267814,1.29901,0.653662,-0.0267814,1.3204,0.653662,-0.0267814,1.29901,0.580717,-0.0267814,1.3204,0.580717,-0.0162995,1.29901,0.580717,-0.0162995,1.3204,0.580717,-0.0162995,1.29901,0.653662,-0.0162995,1.3204,0.653662,-0.0267814,1.3204,0.514128,-0.0267814,1.3204,0.441183,-0.0162995,1.3204,0.441183,-0.0162995,1.3204,0.514128,-0.0267814,1.29901,0.514128,-0.0267814,1.29901,0.441183,-0.0162995,1.29901,0.441183,-0.0162995,1.29901,0.514128,-0.0267814,1.29901,0.514128,-0.0267814,1.3204,0.514128,-0.0267814,1.29901,0.441183,-0.0267814,1.3204,0.441183,-0.0162995,1.29901,0.441183,-0.0162995,1.3204,0.441183,-0.0162995,1.29901,0.514128,-0.0162995,1.3204,0.514128,-0.158985,1.3204,0.367351,-0.158985,1.3204,0.294406,-0.148503,1.3204,0.294406,-0.148503,1.3204,0.367351,-0.158985,1.29901,0.367351,-0.158985,1.29901,0.294406,-0.148503,1.29901,0.294406,-0.148503,1.29901,0.367351,-0.158985,1.29901,0.367351,-0.158985,1.3204,0.367351,-0.158985,1.29901,0.294406,-0.158985,1.3204,0.294406,-0.148503,1.29901,0.294406,-0.148503,1.3204,0.294406,-0.148503,1.29901,0.367351,-0.148503,1.3204,0.367351,0.117116,1.3204,0.221454,0.117116,1.3204,0.148509,0.127598,1.3204,0.148509,0.127598,1.3204,0.221454,0.117116,1.29901,0.221454,0.117116,1.29901,0.148509,0.127598,1.29901,0.148509,0.127598,1.29901,0.221454,0.117116,1.29901,0.221454,0.117116,1.3204,0.221454,0.117116,1.29901,0.148509,0.117116,1.3204,0.148509,0.127598,1.29901,0.148509,0.127598,1.3204,0.148509,0.127598,1.29901,0.221454,0.127598,1.3204,0.221454,0.117116,1.3204,0.0776883,0.117116,1.3204,0.00474328,0.127598,1.3204,0.00474328,0.127598,1.3204,0.0776883,0.117116,1.29901,0.0776883,0.117116,1.29901,0.00474328,0.127598,1.29901,0.00474328,0.127598,1.29901,0.0776883,0.117116,1.29901,0.0776883,0.117116,1.3204,0.0776883,0.117116,1.29901,0.00474328,0.117116,1.3204,0.00474328,0.127598,1.29901,0.00474328,0.127598,1.3204,0.00474328,0.127598,1.29901,0.0776883,0.127598,1.3204,0.0776883,-0.0267814,1.3204,0.0776883,-0.0267814,1.3204,0.00474328,-0.0162996,1.3204,0.00474328,-0.0162996,1.3204,0.0776883,-0.0267814,1.29901,0.0776883,-0.0267814,1.29901,0.00474328,-0.0162996,1.29901,0.00474328,-0.0162996,1.29901,0.0776883,-0.0267814,1.29901,0.0776883,-0.0267814,1.3204,0.0776883,-0.0267814,1.29901,0.00474328,-0.0267814,1.3204,0.00474328,-0.0162996,1.29901,0.00474328,-0.0162996,1.3204,0.00474328,-0.0162996,1.29901,0.0776883,-0.0162996,1.3204,0.0776883,-0.588928,1.3204,0.222806,-0.588928,1.3204,0.149861,-0.578446,1.3204,0.149861,-0.578446,1.3204,0.222806,-0.588928,1.29901,0.222806,-0.588928,1.29901,0.149861,-0.578446,1.29901,0.149861,-0.578446,1.29901,0.222806,-0.588928,1.29901,0.222806,-0.588928,1.3204,0.222806,-0.588928,1.29901,0.149861,-0.588928,1.3204,0.149861,-0.578446,1.29901,0.149861,-0.578446,1.3204,0.149861,-0.578446,1.29901,0.222806,-0.578446,1.3204,0.222806,-0.588928,1.3204,0.0776883,-0.588928,1.3204,0.00474328,-0.578446,1.3204,0.00474328,-0.578446,1.3204,0.0776883,-0.588928,1.29901,0.0776883,-0.588928,1.29901,0.00474328,-0.578446,1.29901,0.00474328,-0.578446,1.29901,0.0776883,-0.588928,1.29901,0.0776883,-0.588928,1.3204,0.0776883,-0.588928,1.29901,0.00474328,-0.588928,1.3204,0.00474328,-0.578446,1.29901,0.00474328,-0.578446,1.3204,0.00474328,-0.578446,1.29901,0.0776883,-0.578446,1.3204,0.0776883,-0.158985,1.3204,-0.0615895,-0.158985,1.3204,-0.134534,-0.148503,1.3204,-0.134534,-0.148503,1.3204,-0.0615895,-0.158985,1.29901,-0.0615895,-0.158985,1.29901,-0.134534,-0.148503,1.29901,-0.134534,-0.148503,1.29901,-0.0615895,-0.158985,1.29901,-0.0615895,-0.158985,1.3204,-0.0615895,-0.158985,1.29901,-0.134534,-0.158985,1.3204,-0.134534,-0.148503,1.29901,-0.134534,-0.148503,1.3204,-0.134534,-0.148503,1.29901,-0.0615895,-0.148503,1.3204,-0.0615895,-0.591689,1.3204,-0.0615895,-0.591689,1.3204,-0.134534,-0.581207,1.3204,-0.134534,-0.581207,1.3204,-0.0615895,-0.591689,1.29901,-0.0615895,-0.591689,1.29901,-0.134534,-0.581207,1.29901,-0.134534,-0.581207,1.29901,-0.0615895,-0.591689,1.29901,-0.0615895,-0.591689,1.3204,-0.0615895,-0.591689,1.29901,-0.134534,-0.591689,1.3204,-0.134534,-0.581207,1.29901,-0.134534,-0.581207,1.3204,-0.134534,-0.581207,1.29901,-0.0615895,-0.581207,1.3204,-0.0615895,0.552943,1.3204,-0.0615895,0.552943,1.3204,-0.134534,0.563425,1.3204,-0.134534,0.563425,1.3204,-0.0615895,0.552943,1.29901,-0.0615895,0.552943,1.29901,-0.134534,0.563425,1.29901,-0.134534,0.563425,1.29901,-0.0615895,0.552943,1.29901,-0.0615895,0.552943,1.3204,-0.0615895,0.552943,1.29901,-0.134534,0.552943,1.3204,-0.134534,0.563425,1.29901,-0.134534,0.563425,1.3204,-0.134534,0.563425,1.29901,-0.0615895,0.563425,1.3204,-0.0615895,0.409935,1.3204,-0.0615895,0.409935,1.3204,-0.134534,0.420417,1.3204,-0.134534,0.420417,1.3204,-0.0615895,0.409935,1.29901,-0.0615895,0.409935,1.29901,-0.134534,0.420417,1.29901,-0.134534,0.420417,1.29901,-0.0615895,0.409935,1.29901,-0.0615895,0.409935,1.3204,-0.0615895,0.409935,1.29901,-0.134534,0.409935,1.3204,-0.134534,0.420417,1.29901,-0.134534,0.420417,1.3204,-0.134534,0.420417,1.29901,-0.0615895,0.420417,1.3204,-0.0615895,0.409935,1.3204,-0.213843,0.409935,1.3204,-0.286788,0.420417,1.3204,-0.286788,0.420417,1.3204,-0.213843,0.409935,1.29901,-0.213843,0.409935,1.29901,-0.286788,0.420417,1.29901,-0.286788,0.420417,1.29901,-0.213843,0.409935,1.29901,-0.213843,0.409935,1.3204,-0.213843,0.409935,1.29901,-0.286788,0.409935,1.3204,-0.286788,0.420417,1.29901,-0.286788,0.420417,1.3204,-0.286788,0.420417,1.29901,-0.213843,0.420417,1.3204,-0.213843,0.271748,1.3204,-0.357234,0.271748,1.3204,-0.430179,0.28223,1.3204,-0.430179,0.28223,1.3204,-0.357234,0.271748,1.29901,-0.357234,0.271748,1.29901,-0.430179,0.28223,1.29901,-0.430179,0.28223,1.29901,-0.357234,0.271748,1.29901,-0.357234,0.271748,1.3204,-0.357234,0.271748,1.29901,-0.430179,0.271748,1.3204,-0.430179,0.28223,1.29901,-0.430179,0.28223,1.3204,-0.430179,0.28223,1.29901,-0.357234,0.28223,1.3204,-0.357234,0.129459,